{"cameraMode":{"drawMode":0,"name":"Shaded","section":"Shading Mode"},"sceneLighting":false,"audioPlay":false,"sceneViewState":{"showFog":true,"showMaterialUpdate":false,"showSkybox":false,"showFlares":true,"showImageEffects":true,"showParticleSystems":true},"in2DMode":false,"pivot":{"x":-0.3539777994155884,"y":0.7646384835243225,"z":2.3175127506256105},"rotation":{"x":-0.2117314338684082,"y":-0.6282362937927246,"z":0.18324634432792664,"w":-0.7258957624435425},"size":1.280726432800293,"orthographic":false}